seed,stability_vs_seed0,avg_stability
42,,0.9862428566333505
123,0.9999999554951022,0.9862428566333505
456,0.9449714778500237,0.9862428566333505
789,0.9999999980415458,0.9862428566333505
1024,0.9999999951467309,0.9862428566333505
